Title,link
Avis de concours de recrutement de Technicien de 3ème grade ~ Echelle 9 (1 poste)  au Commune DOUIRANE (Province de Chichaoua),concoursDetail.asp?c=1&e=0&id=31733
Avis de concours de recrutement de Technicien de 3ème grade ~ Echelle 9 (2 postes)  au Commune FOUM OUDI (Province de Beni Mellal),concoursDetail.asp?c=1&e=0&id=31732
Avis de concours de recrutement de Technicien de 4ème grade ~ Echelle 8 (2 postes)  au Commune FOUM OUDI (Province de Beni Mellal),concoursDetail.asp?c=1&e=0&id=31731
Appel à candidature pour le poste INGENIEUR AGRONOME (1 poste) au Société Agadir Souss Massa Aménagement SA,candidatureDetail.asp?id=20321&e=1
Appel à candidature pour le poste TECHNICIEN (4 postes) au Société Agadir Souss Massa Aménagement SA,candidatureDetail.asp?id=20320&e=1
Publication de la liste des convoqués pour le concours de recrutement d'un  (par contrat) Audit Interne (1 poste)  au Fonds d'Equipement Communal,concoursDetail.asp?c=0&e=1&id=29410
"Avis de concours de recrutement de Technicien de 3ème grade ~ Echelle 9 (1 poste)  au Ministère de la Jeunesse, de la Culture et de la Communication - Département de la Communication",concoursDetail.asp?c=0&e=0&id=31730
"Avis de concours de recrutement de Administrateur 2ème grade ~ Echelle 11 (1 poste)  au Ministère de la Jeunesse, de la Culture et de la Communication - Département de la Communication",concoursDetail.asp?c=0&e=0&id=31729
Publication de la liste des convoqués pour l'entretien oral du concours de recrutement d'un Maitre de conférences au profit de la faculté des Sciences Oujda.   (4 postes)  au Université Mohammed Premier - Oujda,concoursDetail.asp?c=0&e=1&id=30706
Publication de la liste des convoqués pour l'appel à candidature pour le poste Chef de Division (DCC) (1 poste) au Office National De L'Electricité Et De L'Eau Potable -Branche Eau-,candidatureDetail.asp?id=18951&e=1
Publication de la liste des résultats pour le concours de recrutement d'un Technicien de 3ème grade ~ Echelle 9 (1 poste)  au Université Sidi Mohamed Ben Abdellah -Fès-,concoursDetail.asp?c=0&e=1&id=31131
Publication de la liste des résultats pour le concours de recrutement d'un Technicien de 3ème grade ~ Echelle 9 (9 postes)  au Université Sidi Mohamed Ben Abdellah -Fès-,concoursDetail.asp?c=0&e=1&id=30228
Publication de la liste des convoqués pour l'entretien oral du concours de recrutement d'un Technicien de 3ème grade ~ Echelle 9 (9 postes)  au Université Sidi Mohamed Ben Abdellah -Fès-,concoursDetail.asp?c=0&e=1&id=30228
Publication de la liste des convoqués pour l'entretien oral du concours de recrutement d'un Attaché de justice ~ Echelle 10 (300 postes)  au Conseil Supérieur du Pouvoir Judiciaire,concoursDetail.asp?c=0&e=0&id=30650
Publication de la liste des résultats pour le concours de recrutement d'un Technicien de 3 ème Grade (6 postes)  au IAV Hassan II,concoursDetail.asp?c=0&e=1&id=31094
